Workbook
Name ACTION: #REF!
Name ACTION: #REF!

Sheet Cover
B2: SYSTEM TEST REPORT DOCUMENT
A4: Project Name | B4: PENTAPLEX | E4: Creator | F4: Hoang Nguyen Minh Tuyen
A5: Project Code | B5: PentaPlex | E5: Issue Date | F5: 46207
A6: Document Code | B6: =B5&"_"&"ST"&"_"&"v1.0" -> PentaPlex_ST_v1.0 | E6: Version | F6: 1.0
A9: Record of change
A10: Effective Date | B10: Version | C10: Change Item | D10: *A,D,M | E10: Change description | F10: Reference
A11: 46207 | B11: 1.0 | C11: A | E11: Initial creation of the PentaPlex System Test Report | F11: PentaPlex_SRS_v1.5.docx,PentaPlex_Test_Plan_v1.0.pdf,PentaPlex_DB_Design_v1.1.sql

Sheet Test Cases
D1: TEST CASE LIST
B3: Project Name | D3: PENTAPLEX
B4: Project Code | D4: PentaPlex
B5: Test Environment Setup Description | D5: Server: Apache Tomcat 10.1 Database: Microsoft SQL Server 2019 Express Application Runtime: JRE 17 Web Browser: Google Chrome 124, Microsoft Edge 123, Safari 17 Operating System: Windows Server 2019 Standard (cho Staging)
B8: No | C8: Function Name | D8: Sheet Name | E8: Description | F8: Pre-Condition
B9: 1 | C9: Book Ticket (UC29) | D9: UC29_Booking_Workflow | E9: Kiểm thử luồng đặt vé từ lúc chọn phim đến khi nhận vé QR thành công, bao gồm cả các luồng lỗi | F9: 1. Người dùng đã đăng nhập 2. Phim ở trạng thái "Now Showing" 3. Tài khoản có đủ thông tin ngày sinh (để check C13/16/18)

Sheet Test Statistics
B1: TEST STATISTICS
B3: Project Name | C3: PENTAPLEX | E3: Creator | G3: Hoang Nguyen Minh Tuyen
B4: Project Code | C4: PentaPlex | E4: Reviewer/Approver | G4: Pham Quoc Anh (Project Manager)
B5: Document Code | C5: =C4&"_"&"ST"&"_"&"Report"&"_"&"v1.0" -> PentaPlex_ST_Report_v1.0 | E5: Issue Date | G5: 46207
B6: Notes | C6: Release 1 bao gồm module: UC29 Booking Workflow
B10: No | C10: Module code | D10: Passed | E10: Failed | F10: Pending | G10: N/A | H10: Number of test cases
B11: 1 | C11: UC29 (Booking Workflow) | D11: =UC29_Book_Ticket!B16 -> 0 | E11: =UC29_Book_Ticket!C16 -> 0 | F11: =UC29_Book_Ticket!D16 -> 4 | G11: =UC29_Book_Ticket!E16 -> 0 | H11: =UC29_Book_Ticket!B4 -> 4
C14: Sub total | D14: =SUM(D9:D13) -> 0 | E14: =SUM(E9:E13) -> 0 | F14: =SUM(F9:F13) -> 4 | G14: =SUM(G9:G13) -> 0 | H14: =SUM(H9:H13) -> 4
C16: Test coverage | E16: =(H14-G14)*100/H14 -> 100 | F16: %
C17: Test successful coverage | E17: =D14*100/(H14-G14) -> 0 | F17: %

Sheet UC29_Book_Ticket
A2: Workflow | B2: Book Ticket(UC29)
A3: Test requirement | B3: Đảm bảo toàn bộ quy trình đặt vé trực tuyến diễn ra thông suốt, bao gồm chọn ghế, chọn F&B, áp dụng khuyến mãi và thanh toán VNPay thành công. Đồng thời kiểm soát các lỗi về tuổi, tranh chấp ghế và hết hạn thanh toán
A4: Number of TCs | B4: =COUNTA(A22:A1000) -> 4
A5: ĐẶC TẢ USE CASE (USE CASE SPECIFICATION) – UC29 BOOK TICKET
A6: Primary Actor | B6: Customer
A7: Secondary Actor(s) | B7: Payment Gateway (VNPay Sandbox)
A8: Preconditions | B8: 1. Người dùng (Customer) đã đăng nhập và được xác thực. 2. Người dùng đã chọn được bộ phim muốn xem (phim ở trạng thái "Now Showing").
A9: Postconditions | B9: 1. Đặt vé thành công, bookings.status = CONFIRMED. 2. Điểm loyalty của khách hàng được cập nhật. 3. Vé được sinh mã duy nhất: Booking Code (BKYYYY-NNNNN) kèm QR Code.
A10: Basic Flow (Normal Sequence) | B10: 1. Người dùng chọn ngày và suất chiếu (chi nhánh, phòng chiếu). 2. Người dùng chọn ghế (Standard/VIP); hệ thống khóa ghế tạm thời (soft-lock). 3. Người dùng chọn F&B (tùy chọn). 4. Người dùng nhập/áp dụng mã khuyến mãi (tùy chọn). 5. Người dùng nhấn "Proceed to Payment"; hệ thống chuyển sang cổng VNPay Sandbox. 6. Người dùng thanh toán thành công. 7. Hệ thống xác nhận đặt vé (CONFIRMED), ghi nhận vào Dashboard, sinh vé điện tử (QR Code) và gửi email xác nhận.
A11: Alternative Flow 1 (AF1 – Age Verification) | B11: Nếu phim có phân loại C13/C16/C18 và khách hàng chưa đủ tuổi theo hồ sơ (date_of_birth), hệ thống chặn thao tác đặt vé và hiển thị thông báo lỗi MSG13, không cho phép tiếp tục sang bước chọn ghế/thanh toán.
A12: Alternative Flow 2 (AF2 – Seat Conflict) | B12: Khi hai khách hàng cùng chọn một ghế tại cùng một thời điểm (xử lý real-time qua WebSocket): khách hàng thao tác trước được giữ ghế thành công (booking_seats, status = PENDING); khách hàng còn lại nhận thông báo lỗi MSG12 ("Seat is unavailable") và phải chọn ghế khác.
A13: Alternative Flow 3 (AF3 – Payment Timeout) | B13: Nếu khách hàng không hoàn tất thanh toán trong vòng 10 phút kể từ khi giữ ghế, hệ thống tự động hủy giao dịch (bookings.status = CANCELLED) và giải phóng ghế về trạng thái Available.
A15: Testing Round | B15: Passed | C15: Failed | D15: Pending | E15: N/A | R15: Passed
A16: Round 1 | B16: =COUNTIF($F$22:$F$5000,B15) -> 0 | C16: =COUNTIF($F$22:$F$5000,C15) -> 0 | D16: =COUNTIF($F$22:$F$5000,D15) -> 4 | E16: =COUNTIF($F$22:$F$5000,E15) -> 0 | R16: Failed
A17: Round 2 | B17: =COUNTIF($I$22:$I$5000,B15) -> 0 | C17: =COUNTIF($I$22:$I$5000,C15) -> 0 | D17: =COUNTIF($I$22:$I$5000,D15) -> 4 | E17: =COUNTIF($I$22:$I$5000,E15) -> 0 | R17: Pending
A18: Round 3 | B18: =COUNTIF($L$22:$L$5000,B15) -> 0 | C18: =COUNTIF($L$22:$L$5000,C15) -> 0 | D18: =COUNTIF($L$22:$L$5000,D15) -> 4 | E18: =COUNTIF($L$22:$L$5000,E15) -> 0
A20: Test Case ID | B20: Test Case Description | C20: Test Case Procedure | D20: Expected Results | E20: Pre-conditions | F20: Round 1 | G20: Test date | H20: Tester | I20: Round 2 | J20: Test date | K20: Tester | L20: Round 3 | M20: Test date | N20: Tester | O20: Note
A21: UC_Book_Ticket
A22: TC_UC29_01 | B22: Kiểm thử luồng đặt vé thành công (Basic Flow) | C22: 1. Đăng nhập tài khoản Customer. 2. Chọn phim đang chiếu (Now Showing), chọn chi nhánh và suất chiếu. 3. Chọn 02 ghế VIP (A1, A2). 4. Chọn thêm 01 Combo bắp nước (F&B - tùy chọn). 5. Nhập/áp dụng mã khuyến mãi hợp lệ (nếu có). 6. Nhấn "Proceed to Payment", chọn phương thức VNPay, quét QR và hoàn tất thanh toán trên VNPay Sandbox. | D22: - Ghế được khóa tạm thời (bookings.status = PENDING) ngay khi chọn. - Sau khi thanh toán thành công: payments.status = SUCCESS, bookings.status = CONFIRMED. - Hệ thống sinh Booking Code (định dạng BKYYYY-NNNNN) và mã QR e-ticket tương ứng. - Email xác nhận kèm vé điện tử (PDF + QR) được gửi đến địa chỉ email của khách hàng. - Điểm loyalty của khách hàng được cộng tương ứng với giá trị đơn hàng. | E22: 1. Người dùng đã đăng nhập. 2. Phim ở trạng thái "Now Showing". 3. Còn ghế trống tại suất chiếu đã chọn. | F22: Pending | I22: Pending | L22: Pending | O22: Basic Flow - luồng chính theo đặc tả UC29.
A23: TC_UC29_02 | B23: Kiểm thử chặn đặt vé do không đủ tuổi (AF1) | C23: 1. Chọn một phim có phân loại C18. 2. Đăng nhập bằng tài khoản có ngày sinh thể hiện độ tuổi dưới ngưỡng yêu cầu (ví dụ sinh năm 2015). 3. Nhấn nút "Book Tickets" hoặc thao tác chọn ghế cho suất chiếu đó. | D23: - Hệ thống đối chiếu movies.rated (C13/C16/C18) với ngày sinh (customers.date_of_birth) của tài khoản. - Hệ thống chặn thao tác đặt vé và hiển thị thông báo lỗi MSG13: "This movie requires age verification. Please update your date of birth in your profile or present ID at the cinema." - Người dùng không thể tiếp tục sang bước chọn ghế/thanh toán. | E23: 1. Tài khoản có thông tin ngày sinh chính xác trong hồ sơ. 2. Phim đã được gán age rating hợp lệ (C13/C16/C18). | F23: Pending | I23: Pending | L23: Pending | O23: AF1 - Age Verification. Tham chiếu MSG13.
A24: TC_UC29_03 | B24: Kiểm thử xử lý xung đột ghế khi 2 người cùng chọn (AF2) | C24: 1. Hai người dùng A và B cùng mở màn hình Seat Selection của cùng một suất chiếu. 2. Cả A và B cùng nhấn chọn ghế B5 gần như đồng thời. 3. Cả hai cùng nhấn "Continue" để giữ ghế. | D24: - Người dùng nhấn trước (A, xác định theo timestamp) được khóa ghế thành công (tạo booking_seats, bookings.status = PENDING). - Người dùng B nhận cập nhật real-time qua WebSocket và thông báo lỗi MSG12: "Seat is unavailable", hệ thống yêu cầu B chọn ghế khác. - Không tồn tại 2 bản ghi booking_seats active cho cùng 1 ghế/1 showtime (đảm bảo ràng buộc UNIQUE). | E24: 1. Hai thiết bị/trình duyệt khác nhau đang truy cập cùng một suất chiếu. 2. Ghế B5 đang ở trạng thái Available trước khi thao tác. | F24: Pending | I24: Pending | L24: Pending | O24: AF2 - Seat Conflict (real-time qua WebSocket). Tham chiếu MSG12.
A25: TC_UC29_04 | B25: Kiểm thử tự động hủy vé khi hết hạn thanh toán (AF3) | C25: 1. Thực hiện các bước đặt vé đến khi ghế được khóa tạm thời (bookings.status = PENDING) và chuyển sang màn hình thanh toán VNPay. 2. Không thực hiện thao tác thanh toán, giữ nguyên màn hình. 3. Chờ quá thời gian giữ ghế quy định (10 phút) rồi kiểm tra lại trạng thái. | D25: - Sau đúng 10 phút không thanh toán, hệ thống tự động cập nhật bookings.status = CANCELLED. - Toàn bộ ghế đã giữ được giải phóng, trở lại trạng thái "Available" (màu trắng) trên sơ đồ ghế. - Không phát sinh bản ghi Payment ở trạng thái SUCCESS. - Khách hàng được thông báo phiên đặt vé đã hết hạn và cần thực hiện lại từ đầu. | E25: Ghế đã được khóa tạm thời (soft-lock) trong vòng 10 phút trước đó theo cơ chế Seat Timeout của hệ thống. | F25: Pending | I25: Pending | L25: Pending | O25: AF3 - Payment Timeout. Liên quan job CLEANUP_JOB (chạy mỗi 5 phút).
