Workbook
Name ACTION: #REF!
Name ACTION: #REF!

Sheet Cover
B2: SYSTEM TEST REPORT DOCUMENT
A4: Project Name | B4: PentaPlex | E4: Nguyen Thuy Trang
A5: Project Code | B5: PentaPlex | E5: Issue Date | F5: 46120
A6: Document Code | B6: =B5&"_"&"XXX"&"_"&"vx.x" -> PentaPlex_XXX_vx.x | E6: 1.0
A9: Record of change
A10: Effective Date | B10: Version | C10: Change Item | D10: *A,D,M | E10: Change description | F10: Reference
A11: 46211 | B11: 1.0 | C11: Register - Decision Table Testing | D11: A | E11: Created: Applied Decision Table Testing to the customer Register function | F11: RegisterServlet.java, ValidationUtil.java, AuthServiceImpl.java, register.jsp

Sheet Test Cases
D1: TEST CASE LIST
B3: Project Name | D3: =Cover!B4 -> PentaPlex
B4: Project Code | D4: =Cover!B5 -> PentaPlex
B5: Test Environment Setup Description | D5: 1. Tomcat 10 (Jakarta Servlet) 2. SQL Server 2019+ 3. Web Browser (latest Chrome/Edge) 4. System application deployed on localhost
B8: No | C8: Function Name | D8: Sheet Name | E8: Description | F8: Pre-Condition
B9: 1 | C9: Register (Account Registration) - Decision Table Testing | D9: Register-DecisionTable | E9: Verify the field-validation rules on the registration form (username, full name, email, phone, password, confirm password) and the username/email uniqueness rules, using Decision Table Testing (see Decision Table sheet). | F9: The /auth/register page has been accessed and the user is not logged in.

Sheet Decision Table
A1: DECISION TABLE - REGISTER (ACCOUNT REGISTRATION) FUNCTION
A2: Source: auth/register.jsp -> RegisterServlet.doPost() -> ValidationUtil -> AuthServiceImpl.registerCustomer(). Conditions are checked sequentially (short-circuit): once a condition fails, the conditions below it no longer matter (marked "-").
A4: # | B4: Condition / Action | C4: R1 | D4: R2 | E4: R3 | F4: R4 | G4: R5 | H4: R6 | I4: R7 | J4: R8
A5: C1 | B5: C1 - All 5 required fields are filled in (username, fullName, email, password, confirmPassword) | C5: N | D5: Y | E5: Y | F5: Y | G5: Y | H5: Y | I5: Y | J5: Y
A6: C2 | B6: C2 - Email is in valid format (EMAIL_PATTERN) | C6: - | D6: N | E6: Y | F6: Y | G6: Y | H6: Y | I6: Y | J6: Y
A7: C3 | B7: C3 - Phone is empty OR in valid VN format (PHONE_PATTERN) | C7: - | D7: - | E7: N | F7: Y | G7: Y | H7: Y | I7: Y | J7: Y
A8: C4 | B8: C4 - Password is valid (>=8 chars, has upper+lower+digit) | C8: - | D8: - | E8: - | F8: N | G8: Y | H8: Y | I8: Y | J8: Y
A9: C5 | B9: C5 - Password == Confirm Password | C9: - | D9: - | E9: - | F9: - | G9: N | H9: Y | I9: Y | J9: Y
A10: C6 | B10: C6 - Username does not already exist (findByUsername) | C10: - | D10: - | E10: - | F10: - | G10: - | H10: N | I10: Y | J10: Y
A11: C7 | B11: C7 - Email is not already used (existsByEmail) | C11: - | D11: - | E11: - | F11: - | G11: - | H11: - | I11: N | J11: Y
A12: A | B12: Action | C12: A1: Error "Please fill in all required fields." | D12: A2: Error "Please enter a valid email address." | E12: A3: Error "Please enter a valid Vietnamese phone number." | F12: A4: Error "Password must be at least 8 characters and include uppercase, lowercase, and numeric characters." | G12: A5: Error "Password confirmation does not match." | H12: A6: Error "Username already exists." | I12: A7: Error "Email is already used by another account." | J12: A8: Account created successfully, verification email sent, redirect to login?registered=true
A14: Corresponding Test Case ID: | C14: TC-REG-01 | D14: TC-REG-02 | E14: TC-REG-03 | F14: TC-REG-04 | G14: TC-REG-05 | H14: TC-REG-06 | I14: TC-REG-07 | J14: TC-REG-08
A15: Note: | B15: TC-REG-09 is an additional test case for the C3 = empty branch (Phone left blank), separated from R8 to fully cover both cases of the condition "Phone empty OR valid".

Sheet Test Statistics
B1: TEST STATISTICS
B3: Project Name | C3: =Cover!B4 -> PentaPlex | E3: Creator | G3: Nguyen Thuy Trang
B4: Project Code | C4: =Cover!B5 -> PentaPlex | E4: Reviewer/Approver | G4: Pham Quoc Anh
B5: Document Code | C5: =C4&"_"&"Test Report"&"_"&"vx.x" -> PentaPlex_Test Report_vx.x | E5: Issue Date | H5: 46211
B6: Notes | C6: This release includes 1 module: Register (Account Registration) - tested using Decision Table Testing.
B10: No | C10: Module code | D10: Passed | E10: Failed | F10: Pending | G10: N/A | H10: Number of test cases
B11: 1 | C11: ='Register-DecisionTable'!B2 -> Register - Decision Table Testing | D11: ='Register-DecisionTable'!B6 -> 0 | E11: ='Register-DecisionTable'!C6 -> 0 | F11: ='Register-DecisionTable'!D6 -> 9 | G11: ='Register-DecisionTable'!E6 -> 0 | H11: ='Register-DecisionTable'!B4 -> 9
C14: Sub total | D14: =SUM(D11:D11) -> 0 | E14: =SUM(E11:E11) -> 0 | F14: =SUM(F11:F11) -> 9 | G14: =SUM(G11:G11) -> 0 | H14: =SUM(H11:H11) -> 9
C16: Test coverage | E16: =(D14+E14)*100/(H14-G14) -> 0 | F16: %
C17: Test successful coverage | E17: =D14*100/(H14-G14) -> 0 | F17: %

Sheet Register-DecisionTable
A2: Workflow | B2: Register - Decision Table Testing | R2: Passed
A3: Test requirement | B3: Verify the validation rules on the customer Register (account registration) form, designed from the Decision Table (see Decision Table sheet). Source: RegisterServlet.doPost(), ValidationUtil, AuthServiceImpl.registerCustomer(). | R3: Failed
A4: Number of TCs | B4: =COUNTA(A12:A1000) -> 9 | R4: Pending
A5: Testing Round | B5: Passed | C5: Failed | D5: Pending | E5: N/A | R5: N/A
A6: Round 1 | B6: =COUNTIF($F10:$F998,B5) -> 0 | C6: =COUNTIF($F10:$F998,C5) -> 0 | D6: =COUNTIF($F10:$F998,D5) -> 9 | E6: =COUNTIF($F10:$F998,E5) -> 0
A7: Round 2 | B7: =COUNTIF($F10:$F998,B5) -> 0 | C7: =COUNTIF($F10:$F998,C5) -> 0 | D7: =COUNTIF($F10:$F998,D5) -> 9 | E7: =COUNTIF($F10:$F998,E5) -> 0
A8: Round 3 | B8: =COUNTIF($F10:$F998,B5) -> 0 | C8: =COUNTIF($F10:$F998,C5) -> 0 | D8: =COUNTIF($F10:$F998,D5) -> 9 | E8: =COUNTIF($F10:$F998,E5) -> 0
A10: Test Case ID | B10: Test Case Description | C10: Test Case Procedure | D10: Expected Results | E10: Pre-conditions | F10: Round 1 | G10: Test date | H10: Tester | I10: Round 2 | J10: Test date | K10: Tester | L10: Round 3 | M10: Test date | N10: Tester | O10: Note
A11: Register (Decision Table Testing - 8 rules + 1 additional)
A12: TC-REG-01 | B12: Leave required fields blank (Rule R1: C1=N) | C12: 1. Go to /auth/register. 2. Enter Username, Full Name, Email; leave Password and Confirm Password blank. 3. Click "Create Account". | D12: The system rejects the submission and shows the error "Please fill in all required fields." No account is created. | E12: Not logged in, on the /auth/register page. | F12: Pending | I12: Pending | L12: Pending
A13: TC-REG-02 | B13: All required fields filled but Email has an invalid format (Rule R2: C1=Y, C2=N) | C13: 1. Go to /auth/register. 2. Fill in all fields: Username=hoangm1, Full Name=Hoang Minh, Email=hoangm1@gmail (missing .com), Password=Abcd1234, Confirm=Abcd1234. 3. Click "Create Account". | D13: The system shows the error "Please enter a valid email address." No account is created. | E13: Not logged in, on the /auth/register page. | F13: Pending | I13: Pending | L13: Pending
A14: TC-REG-03 | B14: Email valid, Phone entered with invalid format (Rule R3: C1=Y, C2=Y, C3=N) | C14: 1. Go to /auth/register. 2. Enter a valid Email (hoangm2@gmail.com), Phone=012345678 (invalid leading digit), Password=Abcd1234, Confirm=Abcd1234. 3. Click "Create Account". | D14: The system shows the error "Please enter a valid Vietnamese phone number." No account is created. | E14: Not logged in, on the /auth/register page. | F14: Pending | I14: Pending | L14: Pending
A15: TC-REG-04 | B15: Phone valid, Password has an invalid format - missing uppercase (Rule R4: C1=Y, C2=Y, C3=Y, C4=N) | C15: 1. Go to /auth/register. 2. Enter Phone=0987654321, Password=abcd1234 (no uppercase letter), Confirm=abcd1234. 3. Click "Create Account". | D15: The system shows the error "Password must be at least 8 characters and include uppercase, lowercase, and numeric characters." No account is created. | E15: Not logged in, on the /auth/register page. | F15: Pending | I15: Pending | L15: Pending
A16: TC-REG-05 | B16: Password valid but Confirm Password does not match (Rule R5: C1..C4=Y, C5=N) | C16: 1. Go to /auth/register. 2. Enter Password=Abcd1234, Confirm Password=Abcd12345 (different). 3. Click "Create Account". | D16: The system shows the error "Password confirmation does not match." No account is created. | E16: Not logged in, on the /auth/register page. | F16: Pending | I16: Pending | L16: Pending
A17: TC-REG-06 | B17: Everything valid but Username already exists (Rule R6: C1..C5=Y, C6=N) | C17: 1. Go to /auth/register. 2. Enter a Username that already exists in the system (e.g. "jsmith"); all other fields are valid and unused. 3. Click "Create Account". | D17: The system shows the error "Username already exists." No account is created. | E17: An account with username "jsmith" already exists in the system. Not logged in. | F17: Pending | I17: Pending | L17: Pending
A18: TC-REG-07 | B18: Username is new but Email is already used (Rule R7: C1..C6=Y, C7=N) | C18: 1. Go to /auth/register. 2. Enter a new Username that does not exist yet; Email matches one already registered (e.g. "jsmith@elcaminohospital.com"); all other fields are valid. 3. Click "Create Account". | D18: The system shows the error "Email is already used by another account." No account is created. | E18: An account with email "jsmith@elcaminohospital.com" already exists in the system. Not logged in. | F18: Pending | I18: Pending | L18: Pending
A19: TC-REG-08 | B19: All conditions valid - registration succeeds (Rule R8: C1..C7=Y) | C19: 1. Go to /auth/register. 2. Enter Username, Full Name, Email, Phone, Password, Confirm Password, all valid and not already used in the system. 3. Click "Create Account". | D19: The account is created successfully; the system sends a verification email and redirects to /auth/login?registered=true. | E19: The entered Username and Email do not already exist in the system. Not logged in. | F19: Pending | I19: Pending | L19: Pending
A20: TC-REG-09 | B20: All conditions valid, Phone left blank (additional case for the C3 = empty branch) | C20: 1. Go to /auth/register. 2. Fill in Username, Full Name, Email, Password, Confirm Password, all valid and not already used; leave the Phone field blank. 3. Click "Create Account". | D20: The account is created successfully (Phone is an optional field and is stored as null); the system sends a verification email and redirects to /auth/login?registered=true. | E20: The entered Username and Email do not already exist in the system. Not logged in. | F20: Pending | I20: Pending | L20: Pending
